iso3c,countryname,year,age0,age5,age10,age15,age20,age25,age30,age35,age40,age45,age50,age55,age60,age65,age70,age75,age80,age85,age90,age95,age100,total
AFG,Afghanistan,2020,2907406,2774630,2651664,2377941,2017279,1610796,1299121,1068167,868020,677226,529188,411379,305081,215637,140254,76897,33115,10185,2053,215,11,19976265
ALB,Albania,2020,86564,87732,86957,106218,117374,129317,122633,90658,75896,80264,88504,98654,91164,69837,52442,41429,25727,10503,2584,242,15,1464714
DZA,Algeria,2020,2574062,2366637,1949293,1484482,1531025,1812011,1877520,1782775,1511220,1214095,1026740,867903,703307,583040,359717,241813,157783,80994,24471,4409,511,22153808
AGO,Angola,2020,2923514,2568244,2166595,1751828,1424241,1192393,999332,808851,645763,520750,376364,332588,229285,145237,95124,49865,22040,7226,1458,161,11,16260870
ATG,Antigua and Barbuda,2020,3730,3668,3445,3563,3827,3643,3375,3306,3209,3170,3159,2786,2167,1578,1163,741,418,217,81,20,3,47269
ARG,Argentina,2020,1903426,1889129,1831221,1799760,1762738,1775210,1658744,1550297,1518156,1278269,1103469,1003393,877065,745751,578876,385738,228228,113405,38290,7286,695,22049146
ARM,Armenia,2020,107883,113643,105888,91231,92927,111248,126226,108316,86905,73107,70401,85257,84196,54592,33796,15945,21033,7813,2977,323,40,1393747
ABW,Aruba,2020,3107,2890,3447,3651,3806,3802,2742,2695,3028,3477,3739,4166,3510,2685,1896,1107,600,235,53,6,0,50642
AUS,Australia,2020,857499,841026,825846,777475,811222,909705,939585,921591,810368,831536,768934,767400,693712,601807,527592,365811,241273,136756,56263,12306,918,12698625
AUT,Austria,2020,230364,219996,218795,233504,263261,312066,315827,314619,284438,305305,357250,346838,284670,213955,187337,168533,107116,52214,19835,3562,206,4439691
AZE,Azerbaijan,2020,435899,460346,374228,341404,377968,450732,465572,412182,327657,296105,297201,307868,230664,138744,64620,36504,32143,12081,2490,242,14,5064664
BHS,Bahamas,2020,13896,13649,15659,16178,16718,16567,13846,13070,13237,13764,12140,11138,7956,5358,3543,2362,1297,518,163,30,4,191093
BHR,Bahrain,2020,54608,58503,46133,48537,52816,146431,220224,160056,101279,73440,51983,34121,27656,12509,6141,3415,1789,569,237,25,2,1100474
BGD,Bangladesh,2020,7320193,7476957,7707436,7975294,7742470,7257687,6778960,6271177,5553520,4718381,4264730,3479495,2371855,1489609,1206898,855121,487662,217066,68178,14498,1921,83259108
BRB,Barbados,2020,7686,7875,8923,9747,9539,9407,9015,9274,9220,9748,9394,9453,8540,6940,5482,3576,2601,1518,769,284,93,139084
BLR,Belarus,2020,277400,306942,248915,227984,218608,333729,416816,360742,320970,301557,275420,343489,284767,225597,99113,74958,53989,20708,7044,594,25,4399367
BEL,Belgium,2020,326341,345558,345591,329234,337762,372158,375267,378626,381481,392495,405226,406323,365223,306534,260160,171437,132264,78407,28401,5548,299,5744335
BLZ,Belize,2020,19985,19578,19350,20047,19610,18097,15648,13243,11077,10098,8582,7176,5180,3732,2592,1681,1127,598,305,47,8,197761
BEN,Benin,2020,968520,856395,754306,653817,563264,474966,391841,322734,265072,216367,176046,137284,102815,74216,46464,30329,13828,4742,1086,144,12,6054248
BTN,Bhutan,2020,32463,31475,33626,35600,39586,43615,41173,34365,27926,21405,17901,13539,11167,8485,7152,5278,3120,1508,546,136,21,410087
BOL,Bolivia,2020,605964,602325,592770,579611,541104,492994,438428,385058,333313,283210,237469,198046,163721,134236,107091,76945,47160,24975,10304,2824,471,5858019
BIH,Bosnia and Herzegovina,2020,68686,83189,92909,84143,111549,95996,110800,123104,111798,115076,114211,128681,115499,103799,62167,39360,31797,9576,3771,469,29,1606609
BWA,Botswana,2020,137546,135080,124635,114070,102793,98690,89772,83269,69073,52240,37552,28245,23651,18567,12478,7449,2863,933,178,15,0,1139099
BRA,Brazil,2020,7404646,7464840,7623386,8253310,8685557,8534004,8571684,8593722,7704528,6721639,6170933,5508456,4423280,3394482,2351464,1480939,921508,423007,161001,37722,5675,104435783
BRN,Brunei Darussalam,2020,16252,17907,16136,17374,18502,18046,20311,20641,18729,16598,14191,11583,8821,5621,2953,1688,990,451,155,34,4,226987
BGR,Bulgaria,2020,160787,173016,190393,162773,154940,201794,247927,248310,275301,270608,240384,230297,219716,200751,174818,109488,67832,33989,9351,1575,71,3374121
BFA,Burkina Faso,2020,1766880,1566931,1386191,1175924,974970,801871,662313,551155,438595,334124,259751,191387,136094,89966,58590,32840,13145,3430,517,39,0,10444713
BDI,Burundi,2020,1037420,916098,756835,608958,519132,488832,432923,328904,219323,142566,119690,108502,95127,64790,31125,17232,8578,3114,645,67,3,5899864
CPV,Cape Verde,2020,26315,26956,25763,24506,23375,26677,27733,24183,18883,15621,12452,10432,6679,4481,1582,1358,1319,632,154,15,1,279117
KHM,Cambodia,2020,907287,893050,839051,732950,773818,809446,602128,796606,293031,380180,341437,298319,176808,144293,87757,50969,23282,9677,2090,236,9,8162424
CMR,Cameroon,2020,2077822,1881835,1672667,1436047,1213879,1067009,930610,770292,602489,468356,360872,272697,200605,145366,93962,52653,22958,6152,767,36,1,13277075
CAN,Canada,2020,1020925,1011765,1014230,1017281,1208233,1389541,1315956,1321892,1224232,1189671,1215983,1380774,1275239,1047397,867426,568286,355943,205330,83600,17000,1474,18732178
CAF,Central African Republic,2020,372065,350619,334903,299019,241758,178714,138721,111897,90228,76549,62000,48130,36015,24617,15117,8850,3781,953,103,3,0,2394042
TCD,Chad,2020,1475507,1265436,1094282,928896,769725,623114,495761,390868,305919,235439,177726,140405,110762,82769,51956,31137,14662,4740,953,106,7,8200170
NA,Channel Islands,2020,4466,4439,4384,4760,5381,5791,5936,6164,5801,6612,6763,6117,5219,4659,3613,2647,1901,954,377,78,8,86070
CHL,Chile,2020,591860,643991,635584,632461,712076,808869,785253,707035,663019,621476,595301,550477,467461,376586,263359,175953,107532,57264,24091,5242,779,9425669
CHN,China,2020,44456332,46320144,45349923,44103122,46273865,51522843,66443228,51345507,49289359,61173349,62348020,49958045,38917285,36526788,21425163,12207276,6883629,2843084,731228,116377,12773,738247340
HKG,"China, Hong Kong SAR",2020,188529,160585,151000,137802,188896,227407,227369,231608,225688,233295,245206,295025,292200,223730,168060,89258,81401,47987,19833,4226,561,3439666
MAC,"China, Macao SAR",2020,18367,16913,12603,11566,18428,25998,31650,30124,21674,21656,19559,23956,22359,17089,10643,4421,2930,1476,574,103,11,312100
TWN,"China, Taiwan Province of China",2020,523999,540940,506747,632322,781583,833607,825166,964222,1005619,869277,892481,900189,820905,667281,434532,255257,184145,124436,55474,14501,1630,11834313
COL,Colombia,2020,1898922,1893684,1978788,2166822,2246568,2235008,2032111,1850248,1647786,1422231,1371075,1239798,957019,771771,537856,346356,218269,112047,45208,11650,1347,24984564
COM,Comoros,2020,62913,58084,51713,45520,40399,36124,32215,27102,21440,17198,13988,11192,8461,5717,3307,1975,939,300,60,6,0,438653
COG,Congo - Brazzaville,2020,415382,388643,344990,287960,238869,199449,177197,162940,146597,121075,93824,67912,46260,30837,18814,10294,4342,1143,144,6,0,2756678
CRI,Costa Rica,2020,178099,182964,181789,185752,204063,215602,217910,199003,174231,149226,149636,145697,118906,85979,65944,42534,26505,13883,5685,1464,204,2545076
CIV,Cote dIvoire,2020,2078375,1818185,1605330,1453498,1264223,1056579,867101,716085,600802,480837,387941,317901,253304,185066,115389,65695,26774,6528,733,33,1,13300380
HRV,Croatia,2020,94827,104113,108359,101202,121093,120600,130772,143289,146275,134892,138704,145496,137574,129210,88861,60600,47278,19697,5710,691,49,1979292
CUB,Cuba,2020,293500,322660,310481,330604,360184,372479,423331,351949,312681,473885,489484,470453,292245,266286,210228,162323,99845,50687,22061,6911,1191,5623468
CUW,Curaçao,2020,4599,5293,5346,5667,4862,4919,4269,4112,3969,4883,5137,5564,4839,4059,3371,2114,1396,711,270,78,11,75469
CYP,Cyprus,2020,33386,34761,34917,38438,49613,51892,49887,45302,42313,39016,36918,36218,31495,27053,21628,14886,9967,4281,1312,213,18,603514
CZE,Czechia,2020,287156,285030,294354,249956,241192,323510,367890,392270,477370,444369,353226,329222,313111,317105,270742,172591,87962,47750,15080,2558,78,5272522
PRK,Dem. People's Republic of Korea,2020,893899,861542,860705,957471,993029,1010436,939547,906834,784832,1080861,1062218,722484,694892,284259,284541,178807,73732,15677,2333,261,19,12608379
COD,Congo - Kinshasa,2020,7991895,6888387,5805837,4760695,3869120,3216124,2659811,2195945,1796455,1467659,1186242,934221,712165,517964,359696,210931,97636,32141,6513,696,39,44710172
DNK,Denmark,2020,158372,152596,173333,172736,191772,205131,180830,159302,180646,187736,213909,193555,170579,149766,171655,109011,64083,30300,11510,2322,217,2879361
DJI,Djibouti,2020,50198,49542,48619,49783,48910,46883,45168,38975,35331,29285,21801,18653,13473,8806,6826,3997,1892,680,153,17,1,518993
DOM,Dominican Republic,2020,511788,508235,498257,488573,477213,458494,409657,372387,331702,298598,264099,229801,188646,141088,96390,63588,42550,23065,9850,3282,943,5418206
ECU,Ecuador,2020,852480,822971,794178,795398,795841,741930,684119,614345,544919,487453,424183,354801,291420,233026,154896,111561,67833,35155,13671,3270,377,8823827
EGY,Egypt,2020,6528609,6354802,4985998,4475741,4311277,4096307,4065995,3621128,3061179,2426734,2069528,1803211,1451809,1040463,757873,365017,192660,74666,17328,2358,179,51702862
SLV,El Salvador,2020,294856,292036,294937,295844,310848,275904,214396,178192,164893,147488,129205,112257,92893,76493,58108,45689,31750,15345,4500,738,52,3036424
GNQ,Equatorial Guinea,2020,100908,87182,73357,61175,80369,92164,91086,65910,41844,27092,20434,12965,9911,7464,4384,2593,1118,370,51,3,0,780380
ERI,Eritrea,2020,252785,243666,248424,190468,143318,144383,135279,95791,68861,68077,42518,40814,32998,26962,20998,12969,6408,2203,530,89,7,1777548
EST,Estonia,2020,35833,38077,38734,31977,29565,46271,53711,47532,45678,49018,37452,42273,38604,34464,20527,18131,12348,5796,2148,300,17,628456
SWZ,Eswatini,2020,72522,71959,74096,65366,58758,51750,38083,34038,26255,21771,16623,12126,9976,7405,5084,2889,1178,308,45,4,0,570236
ETH,Ethiopia,2020,8520306,7720508,6999073,6543197,5930683,4889739,3761349,3091148,2445523,2071480,1567789,1159002,946594,735747,539874,340207,168831,67383,16275,1946,181,57516835
FJI,Fiji,2020,45916,44880,42327,38671,36660,35589,34305,34883,29456,25400,23994,22174,16526,10779,6927,3265,1611,513,126,15,1,454018
FIN,Finland,2020,135260,155843,158632,151856,160648,183691,178959,184782,176944,160150,176226,183954,174598,170404,167479,100241,64157,33973,12360,2095,154,2732406
FRA,France,2020,1850423,1995914,2044727,1985946,1868952,1822073,1931949,1995352,1943640,2169139,2146431,2079209,1902791,1785851,1627196,981805,740347,475731,194367,44359,2993,31589195
GUF,French Guiana,2020,18222,15697,14630,14213,12646,9995,8574,9495,9621,8626,7344,5891,4790,3749,2232,1297,529,131,53,14,1,147750
PYF,French Polynesia,2020,10282,10134,11548,11288,10806,9556,11156,10125,9658,10364,9933,8401,6638,5208,2989,2383,1085,555,129,21,2,142261
GAB,Gabon,2020,161882,141075,115582,97251,90290,95115,95903,84873,70585,56534,41474,27600,19879,14566,10123,6045,2981,951,139,6,0,1132854
GMB,Gambia,2020,206791,178154,151107,128733,113152,98920,78498,58773,46492,36521,30637,23955,17091,12364,9274,5340,2132,533,69,4,0,1198540
GEO,Georgia,2020,138258,147779,133421,115388,123191,135421,144000,135616,128334,122568,115229,126465,109571,87362,58299,34874,30644,11225,3260,305,17,1901227
DEU,Germany,2020,2082343,1970345,1979340,2150221,2382496,2521798,2822844,2774455,2551802,2607670,3352933,3393206,2854706,2291081,1791116,1631884,1359119,612796,236559,45630,3567,41415911
GHA,Ghana,2020,2129110,1985078,1776454,1602929,1462450,1298561,1158508,979065,822527,706123,593580,465904,321423,199790,137932,69822,29964,9050,1586,138,5,15749999
GRC,Greece,2020,211175,243575,279401,269364,270450,276779,310198,376988,396607,397116,392909,342686,320081,268709,252669,183083,164914,105159,43491,9374,1098,5115826
GRD,Grenada,2020,4610,4665,4435,3836,4406,4843,4787,4442,3296,3294,3052,3147,2834,1943,1329,840,564,261,71,10,1,56666
GLP,Guadeloupe,2020,11637,11225,14801,15101,14206,9718,7115,6762,8747,11923,13736,14338,12435,10453,8801,5717,4018,2286,1117,341,79,184556
GUM,Guam,2020,6954,6898,6833,7126,7238,6770,5895,5083,4890,5176,5271,5105,3943,3124,2319,1262,802,346,92,12,1,85140
GTM,Guatemala,2020,1055310,1012605,983641,991664,913169,806637,666771,567574,447097,338571,260433,207966,174242,146550,98600,72040,48522,25378,8627,1567,145,8827109
GIN,Guinea,2020,1057293,938907,850299,763316,659751,530336,398448,291650,215946,165710,135641,111417,88173,67003,39424,25135,11204,3090,459,31,1,6353234
GNB,Guinea Bissau,2020,153942,139575,121860,103641,89633,78806,66994,55196,41751,32576,23975,18638,14277,10956,5957,3291,1245,338,42,2,0,962695
GUY,Guyana,2020,37908,37964,35865,37714,40358,34806,22081,24489,22595,22402,21528,17928,14961,9472,7239,3478,3066,892,471,276,56,395549
HTI,Haiti,2020,643767,629566,609977,575774,528825,482935,444936,403546,302438,227015,202596,173422,139622,107363,66963,47971,25550,10402,3046,641,90,5626445
HND,Honduras,2020,520427,505121,522077,530910,515875,450954,394116,342453,285262,226369,182007,141105,111101,84711,56234,37004,23952,12916,4895,1240,151,4948880
HUN,Hungary,2020,237052,229364,247724,249731,265562,323916,312996,325171,409741,388418,318463,263135,287562,288884,190751,135231,74196,36684,10818,2751,138,4598288
ISL,Iceland,2020,10481,11493,11981,10888,11349,13158,11850,12041,10982,10715,10271,10512,10180,8604,7024,4494,2809,1743,675,144,11,171405
IND,India,2020,61228414,61877169,66302628,66670855,64865811,62039339,58874888,53993918,46631243,40756605,35202663,30150272,24694672,19168129,11627908,7062999,3831463,1575584,437188,91981,17241,717100970
IDN,Indonesia,2020,12092736,12411280,11809874,12008052,11625762,10640126,9955229,10590213,9893522,9169094,8007935,6540189,5149357,3560471,2092055,1271922,629423,208338,55562,6347,374,137717861
IRN,Iran,2020,3913297,3566704,3185825,2829745,2801162,3382446,4211840,4120405,3270956,2608048,2321587,1826123,1559797,1128726,709933,471441,306847,162121,27495,3670,238,42408406
IRQ,Iraq,2020,2768066,2687416,2341048,2128810,1941425,1718989,1492575,1262099,1088847,890358,684409,430293,306318,282693,153582,106824,51696,18072,3751,467,40,20357778
IRL,Ireland,2020,161560,183869,182055,158874,146666,141198,154931,186925,192610,181919,155399,143132,122993,113389,95764,63883,39656,18940,6086,1378,122,2451349
ISR,Israel,2020,434626,422770,378840,342690,320121,293130,285404,278739,270334,245995,205483,183531,166086,165565,134423,77168,51897,32673,14093,4092,457,4308117
ITA,Italy,2020,1197289,1374731,1470174,1484455,1526577,1625230,1702976,1824273,2092329,2401070,2420466,2274884,1903045,1679600,1586760,1182323,958360,504059,186608,39461,3055,29437725
JAM,Jamaica,2020,117906,119381,115152,122344,133044,129067,117460,102582,84021,85311,82115,73155,57662,44233,34577,23427,15156,8305,3729,870,144,1469641
JPN,Japan,2020,2453834,2773482,2856888,2926787,3075580,3151556,3475526,3918085,4307199,5088697,4364792,3964557,3733454,4095950,4312462,3160764,2209841,1282793,495632,95394,9772,61753045
JOR,Jordan,2020,542518,588281,576779,525125,474134,434685,393062,363013,311307,276879,224092,161951,106011,72230,51930,35957,19675,6857,1354,131,8,5165979
KAZ,Kazakhstan,2020,990433,1001296,825240,572044,563709,740054,815061,666207,581180,533919,458683,485272,353476,247842,118757,73998,63831,16870,4742,308,17,9112939
KEN,Kenya,2020,3558343,3508267,3395310,3021861,2619202,2167181,1992648,1704425,1362401,1055166,782098,573691,410863,279481,161035,76404,36529,11823,1702,95,2,26718527
KIR,Kiribati,2020,7771,7479,6830,5190,5467,4844,4364,3591,2973,2336,2523,2162,1370,876,555,263,103,38,9,0,0,58744
KWT,Kuwait,2020,148199,170630,172936,124293,113361,148359,226455,326227,340377,289969,228008,144098,100286,48076,17995,9606,4417,1074,72,8,0,2614446
KGZ,Kyrgyzstan,2020,390192,394094,306383,254784,261997,288994,284861,222020,178983,157279,140916,132520,98499,61342,29818,10918,8885,3955,739,88,3,3227270
LAO,Lao People's Democratic Republic,2020,406336,392013,385184,359010,348860,336795,298072,247306,207919,178440,143371,118663,91761,64169,36347,21644,11155,3854,806,84,5,3651794
LVA,Latvia,2020,59441,48731,52557,43840,36159,61295,72749,61417,59619,64627,56624,66488,56716,47763,26833,27573,14438,8335,3372,680,79,869336
LBN,Lebanon,2020,289068,306544,293831,291371,294138,280101,239805,228624,224488,207157,213215,197629,134293,91717,62981,38670,26526,12290,2861,411,26,3435746
LSO,Lesotho,2020,127621,112635,105394,108485,102782,96776,90607,80767,63047,45385,34316,28707,22494,16281,11490,6428,2770,833,122,9,1,1056950
LBR,Liberia,2020,377951,346028,317302,280365,233827,189883,167817,148500,123141,99142,77752,60556,45575,32249,19973,13907,6407,1873,275,16,0,2542539
LBY,Libya,2020,320512,339627,319799,287880,275749,278771,292656,290091,287068,248084,189732,120203,78169,56579,36405,26512,14193,5350,1205,144,8,3468737
LTU,Lithuania,2020,74742,80143,61526,63046,68453,95967,96833,78184,80127,94174,88016,107707,81130,66247,38601,37180,28005,13723,5078,1015,90,1259987
LUX,Luxembourg,2020,17102,16733,15962,17685,20581,23626,24642,24662,24118,25299,25485,21983,17629,13719,10767,7049,5240,3155,1002,139,9,316587
MDG,Madagascar,2020,2078553,1845421,1675821,1509087,1334852,1107606,913174,770524,655981,530554,419777,328458,252005,181397,102248,59377,32248,13229,3620,623,64,13814619
MWI,Malawi,2020,1477013,1381621,1286629,1088019,913937,756656,629760,483574,392707,304464,226793,167435,123788,87563,61748,33798,14084,3889,528,30,1,9434037
MYS,Malaysia,2020,1356480,1291474,1258164,1376593,1473764,1493496,1512767,1435436,1106638,974175,840520,762367,617475,459299,314843,174510,109584,51235,16812,4322,859,16630813
MDV,Maldives,2020,18395,19317,16953,13523,36109,68578,60470,35546,23424,16850,10685,7451,5686,3304,2281,2065,1416,657,178,35,5,342928
MLI,Mali,2020,1833532,1604185,1402261,1140850,896033,715541,583496,493552,408466,321640,233285,165884,125808,98582,61113,39153,16105,4824,802,59,3,10145174
MLT,Malta,2020,11144,11118,10539,10509,12914,15744,17114,16845,16043,14529,12736,14170,14948,13637,13456,7866,4900,2301,736,156,15,221420
MTQ,Martinique,2020,9349,9076,11750,12337,12416,8764,7319,7243,7832,10698,13448,14496,13353,10735,8808,6097,4670,2808,1113,254,41,172607
MRT,Mauritania,2020,351305,313838,272378,238275,210838,188330,169259,144363,118009,93549,73309,56457,41923,28470,17482,10182,4894,1719,360,39,2,2334981
MUS,Mauritius,2020,32650,35076,41058,48180,47498,51611,44292,43654,50064,41592,42440,44276,36211,29369,19771,10218,5935,2625,776,165,19,627480
MYT,Mayotte,2020,18298,17950,17707,15011,12573,8951,7499,6880,7163,6246,4522,3399,2570,1997,1435,973,578,280,105,21,1,134159
MEX,Mexico,2020,5604781,5731706,5692822,5695013,5505161,5384130,4748412,4343789,4029738,3782769,3236044,2742491,2169271,1657202,1125991,774478,456066,248866,107034,30998,4724,63071486
FSM,Micronesia (Fed. States of),2020,6295,6073,6017,5910,6007,5594,4352,3427,3081,2672,2471,2351,1929,1360,642,192,78,24,5,0,0,58480
MNG,Mongolia,2020,190221,183200,142428,110273,114926,136454,154283,128521,109951,97755,79939,66435,42559,26406,14904,9692,4881,1754,397,56,4,1615039
MNE,Montenegro,2020,19125,19261,20639,20510,21474,22348,21820,23120,21204,19893,18804,20812,19271,17553,10610,6140,5068,2280,565,63,3,310563
MAR,Morocco,2020,1706330,1757751,1605973,1518513,1465622,1521676,1418440,1321046,1111753,975160,916000,903130,776036,580692,340255,230945,124233,37082,5860,377,13,18316887
MOZ,Mozambique,2020,2590850,2287928,2026294,1760244,1439343,1171134,959782,778716,601645,443976,329461,262860,199764,149652,99486,55335,24032,6737,935,58,3,15188235
MMR,Myanmar,2020,2276580,2271644,2432699,2540640,2366526,2170481,2011880,1925362,1801758,1628445,1407402,1132495,890618,642954,367993,208612,100973,35433,6911,738,46,26220190
NAM,Namibia,2020,168341,159147,140532,121792,120640,111871,96336,77504,63274,50791,37505,29565,21065,13670,9296,6113,3003,1020,203,15,0,1231683
NPL,Nepal,2020,1385708,1385863,1474130,1604814,1536298,1135023,776203,603766,605690,622553,579427,485413,382303,312559,209634,150684,69868,22860,5124,491,24,13348435
NLD,Netherlands,2020,440380,458893,481729,521581,522344,548471,545558,515170,503787,572540,639652,630637,562407,494644,464156,301906,192588,100680,33241,6310,471,8537145
NCL,New Caledonia,2020,10124,10995,11127,10894,11948,10399,10591,10492,9782,10614,9049,8265,6142,4951,3993,2530,1088,407,95,11,1,143498
NZL,New Zealand,2020,154692,161050,165337,154479,166357,178375,161465,141357,133195,148703,148794,152927,135788,116055,103116,69922,43416,23029,10011,1929,166,2370163
NIC,Nicaragua,2020,335511,338768,328582,311896,300937,294425,273325,246411,199140,157274,123835,105123,89687,65436,36235,28777,17719,8286,2736,641,105,3264849
NER,Niger,2020,2440373,2018657,1659445,1339887,1063033,830858,624978,453448,397511,333314,265844,249047,186382,145601,90932,47621,17819,4680,687,47,1,12170165
NGA,Nigeria,2020,17377466,15287661,13159355,11151483,9170281,7660610,6613972,5745353,4785766,3807418,2947899,2330368,1764536,1232451,816324,426433,153999,34068,3939,243,12,104469637
MKD,North Macedonia,2020,57665,59956,57982,62365,67055,78303,82946,84120,78860,73647,73135,68205,63228,55043,35600,23452,13767,5518,1167,113,4,1042131
NOR,Norway,2020,155382,160458,164803,164380,182417,192462,192415,187073,180065,194631,194595,171954,157465,137160,130988,84651,48827,27095,10620,2342,200,2739983
OMN,Oman,2020,231912,191623,165920,93682,200348,579658,668869,411483,284023,206492,124010,93580,56811,27596,11747,11957,7058,2567,727,146,21,3370230
PAK,Pakistan,2020,14509296,13226191,12154761,11443015,10741968,9820991,8597168,7144302,5922918,4905180,4176690,3485956,2666009,1821463,1372079,939571,494894,193109,48962,6911,573,113672007
PAN,Panama,2020,199050,196392,188589,181761,176589,165802,159313,151560,144232,133884,116515,97629,77685,58837,43175,30543,19680,11130,5213,1833,468,2159880
PNG,Papua New Guinea,2020,572643,538956,513244,476348,430132,367562,325449,298330,260275,217134,175123,138417,104725,72966,41927,21899,9395,2901,595,49,2,4568072
PRY,Paraguay,2020,358637,348935,345842,337038,346443,328301,303627,262782,208611,163653,146953,129886,111110,91006,62432,40523,24038,10018,3639,782,104,3624360
PER,Peru,2020,1449868,1309452,1325559,1181735,1208975,1361349,1372968,1309074,1180561,1047925,900044,757902,617118,501384,352748,243752,161173,71136,21842,3646,395,16378606
PHL,Philippines,2020,5450633,5846072,5578251,5407659,5191755,4807611,4166778,3644549,3297341,2883722,2538943,2075862,1614771,1137017,709616,381080,202363,75335,16873,2375,219,55028825
POL,Poland,2020,967319,973593,1011282,881682,995319,1263507,1470157,1646565,1502714,1291697,1110610,1128396,1280235,1094529,779602,399586,299133,165615,61846,13289,1207,18337883
PRT,Portugal,2020,206364,226686,250186,268459,269946,262895,273726,317603,369490,390119,354227,347025,312566,283965,252905,191058,138848,78522,24416,4648,380,4824034
PRI,Puerto Rico,2020,43553,80256,108185,98626,79018,74703,78418,84514,93794,94521,96170,90739,87461,69792,67547,49716,30854,17470,7533,2216,432,1355518
QAT,Qatar,2020,69262,69595,62926,58196,189302,406816,401068,263944,196921,165003,124535,79300,43352,21908,9057,2045,1029,530,257,59,30,2165135
KOR,South Korea,2020,974300,1158751,1174844,1289269,1683129,1870859,1733487,1974613,2015813,2186422,2168485,2082574,1855904,1287861,929821,664900,403886,160921,41739,7689,587,25665854
MDA,Moldova,2020,103954,114314,111388,104616,123090,167765,212169,180714,149505,126309,109905,129776,112051,93810,41172,26931,15512,7108,1678,177,9,1931953
REU,Réunion,2020,32894,34341,34591,36106,32613,26830,22715,22731,26509,28629,31613,28901,24040,19396,13101,8863,5369,2806,958,278,17,433301
ROU,Romania,2020,482783,496283,555265,511303,522529,562625,729163,613306,773368,762811,761724,505639,596075,548023,385519,232234,183530,93316,31959,5970,487,9353912
RUS,Russia,2020,4762826,4802236,4186103,3620950,3373933,4575841,6300711,5911074,5127944,4674805,3928987,4660894,4225282,3255893,1922538,937202,920439,318953,121860,11041,787,67640299
RWA,Rwanda,2020,949898,841150,774505,673347,586489,502608,484832,390344,292448,217295,175529,187841,123474,83119,44196,24567,9437,5665,575,109,3,6367431
LCA,Saint Lucia,2020,5485,5563,5646,6622,7919,8486,7001,6846,6309,6019,6003,5323,3993,3024,2317,1642,1194,607,299,99,25,90422
VCT,Saint Vincent and the Grenadines,2020,3904,4113,4223,4693,4743,4160,4027,3803,3782,3612,3485,3518,2757,1954,1345,902,669,418,95,13,2,56218
WSM,Samoa,2020,14025,12525,11771,10015,8774,7872,6200,5368,5082,5122,4733,3786,2966,1976,1222,742,362,120,38,4,0,102703
STP,Sao Tome and Principe,2020,16064,15492,14697,12631,9450,7563,7102,6343,5514,3766,3625,2541,2046,1239,808,423,268,80,20,3,0,109675
SAU,Saudi Arabia,2020,1510712,1510498,1340839,1128960,1228060,1663792,2020910,2209618,2293870,1861908,1284975,898452,532166,315257,151011,101580,50137,20619,6603,1254,87,20131308
SEN,Senegal,2020,1326412,1224809,1061953,890072,759440,640554,531253,437493,334461,260554,205176,159539,122156,93449,60476,38709,18190,5245,788,55,1,8170785
SRB,Serbia,2020,216711,225782,251690,264865,273103,295508,317848,301977,310901,301341,280329,266358,258692,271836,205013,110335,78599,38517,9414,806,26,4279651
SYC,Seychelles,2020,4097,4095,3809,3278,3269,3717,3872,4079,3994,3897,3469,3032,2397,1491,780,658,304,147,46,7,1,50439
SLE,Sierra Leone,2020,580904,534486,496964,438908,378242,328581,281481,236247,189857,150419,116214,87252,62380,43161,29315,16678,7283,2312,488,62,5,3981239
SGP,Singapore,2020,134065,113785,123017,136872,219320,238248,230476,237814,245431,259745,248653,259893,238777,189395,90151,44139,30745,15018,5434,1126,153,3062257
SVK,Slovakia,2020,145185,144632,144626,134736,149025,186908,209575,224432,235153,204892,172041,175581,169534,148913,98537,59653,32475,16433,5055,1032,61,2658479
SVN,Slovenia,2020,52033,56013,53854,47333,49861,55915,69516,78345,83470,77291,76940,75409,72831,68599,45362,34221,22778,11512,3381,534,32,1035230
SLB,Solomon Islands,2020,53119,47985,40669,36194,31786,26248,21129,18996,18015,15758,11469,8969,6754,4745,3395,2295,1101,490,124,19,2,349262
SOM,Somalia,2020,1423977,1202295,1065756,912641,768307,577039,430402,327158,273047,237055,195050,159138,130379,98720,65719,35444,15718,4917,1150,161,14,7924087
ZAF,South Africa,2020,2918993,2943352,2774621,2472380,2476821,2628636,2710031,2403602,1892772,1578214,1290806,1035566,804405,584956,359322,213173,95571,28462,4071,248,10,29216012
SSD,South Sudan,2020,864864,778668,698291,606589,534100,451174,371741,294345,245028,200529,162730,127112,95475,66705,52395,32169,14897,4974,1081,138,9,5603014
ESP,Spain,2020,1025667,1156707,1290642,1150896,1154966,1204153,1316047,1636394,2026517,2012530,1828634,1684404,1426256,1147930,1022777,805921,530580,378432,147935,28428,2522,22978338
LKA,Sri Lanka,2020,844332,856054,864563,830615,742888,674562,623281,681648,730689,659699,639901,589177,513111,405408,312254,164667,77654,38529,14650,3286,383,10267351
PSE,Palestine,2020,354510,343360,302555,262810,253198,237804,188136,149720,125552,101465,83644,64681,42801,30053,24082,13424,6604,2128,398,43,3,2586971
SDN,Sudan,2020,3215817,2934394,2696428,2428941,2101084,1747912,1393965,1172941,977606,826525,696757,547161,419497,313239,213087,126992,63403,23989,6354,1093,110,21907295
SUR,Suriname,2020,27047,27269,26727,26260,25223,23975,22065,19815,17579,18554,16536,15674,10532,6925,4908,2863,1761,798,256,50,5,294822
SWE,Sweden,2020,309240,304038,301140,276950,280047,374455,352981,320963,310337,331865,344973,312494,283735,260421,274804,206281,120133,63024,25178,5450,438,5058947
CHE,Switzerland,2020,231280,222436,209997,216791,246246,281460,301576,312034,287248,299517,341873,324282,270397,215755,201943,151943,98229,55737,20518,4076,310,4293648
SYR,Syria,2020,979588,875341,891639,803718,818343,766449,771492,686020,533147,405000,333827,286463,222416,166712,98402,63206,36042,17036,4583,606,35,8760065
TJK,Tajikistan,2020,697535,626648,502336,415923,425447,412512,391557,302351,234756,200017,180413,158148,118135,66177,36111,18974,12860,4305,1418,111,4,4805738
THA,Thailand,2020,1850417,1976670,2117236,2244846,2449911,2427195,2231722,2361773,2580352,2680302,2658634,2405809,2039042,1493033,1012908,682768,437181,214395,81178,17978,2710,33966060
TLS,Timor-Leste,2020,90693,78325,78085,77508,65832,58282,45340,35045,23326,27514,24538,20416,15086,9770,8479,4920,2271,656,140,15,1,666242
TGO,Togo,2020,611674,561621,513865,447288,373141,316365,283604,247805,205162,161907,123729,93632,69662,50085,32819,17933,7068,1788,240,16,0,4119404
TON,Tonga,2020,6263,6420,6384,5925,5048,3707,2889,2773,2530,2351,2414,1929,1396,1093,761,514,326,138,38,5,0,52904
TTO,Trinidad and Tobago,2020,44905,48795,48834,45303,43277,48974,58775,62801,50492,44587,40452,44637,36701,28619,20301,12885,6717,2733,925,205,29,690947
TUN,Tunisia,2020,515063,522024,441989,408536,426108,456673,449414,485205,407879,352258,339695,320786,263858,202129,112162,76636,49027,24187,6086,976,61,5860752
TUR,Turkey,2020,3356730,3502739,3462103,3488963,3449266,3244671,3218521,3188251,2977206,2661822,2315977,1989447,1580771,1212619,861882,583891,355837,152903,29563,2829,134,41636125
TKM,Turkmenistan,2020,335491,340575,265315,244979,233163,276035,262120,213450,186025,155193,137592,113456,88455,56121,29035,14452,12092,4274,1328,146,13,2969310
UGA,Uganda,2020,3938451,3561034,3119806,2636412,2123674,1713437,1365364,1077750,846052,662255,515252,370051,255090,172247,104873,56142,21328,6484,843,43,1,22546589
UKR,Ukraine,2020,1087540,1274658,1237435,1021056,1100799,1408741,1824887,1828869,1627017,1473562,1298962,1380075,1225646,999434,633399,376770,319817,103844,36422,3962,253,20263148
ARE,United Arab Emirates,2020,254845,261570,231043,200605,487250,1082433,1321938,966919,677914,534173,335612,255272,143690,36818,24189,14618,4405,2394,531,121,9,6836349
GBR,United Kingdom,2020,2009363,2108550,2022370,1880611,2072674,2275138,2361054,2279836,2148253,2128343,2281421,2232388,1919839,1647391,1624635,1137438,766956,438663,169952,34524,3016,33542415
TZA,United Republic of Tanzania,2020,4924670,4361607,3869194,3242031,2640504,2294680,1946604,1624465,1339311,1063236,818935,611016,444732,304962,200387,106873,44498,11856,1480,65,2,29851108
USA,United States of America,2020,10055063,10246393,10777513,10834321,11322732,12144455,11702514,10858871,10118582,9969099,10319535,10702065,10049886,8465274,6645519,4326986,2805623,1538659,703131,179003,20792,163786016
VIR,United States Virgin Islands,2020,3073,3552,3600,3511,3369,3134,2112,2225,2516,2902,3308,3458,3520,2941,2849,2055,972,381,106,15,2,49601
URY,Uruguay,2020,120998,120696,119355,125373,129196,130680,120774,110535,116131,108977,94801,92752,83283,68057,53325,38711,24278,13862,5155,1192,205,1678336
UZB,Uzbekistan,2020,1766870,1683922,1500617,1296217,1419687,1616005,1523580,1264608,1038719,889583,749442,703547,544985,354844,148930,98191,65170,23652,7430,825,94,16696918
VUT,Vanuatu,2020,21657,20094,19240,15539,13187,11719,10958,8871,8080,6625,5963,4543,3494,2427,1596,884,643,145,23,2,0,155690
VEN,Venezuela,2020,1202873,1394843,1359749,1275233,1054724,1003451,1008211,952682,903880,822050,772827,677220,557009,403603,273791,168240,90992,43393,15371,3999,791,13984932
VNM,Vietnam,2020,4164842,4004759,3734036,3364847,3500183,4363621,4278909,3915663,3525539,3266831,2907946,2530100,2012144,1339456,664802,422995,298067,193013,79054,25681,5766,48598254
ESH,Western Sahara,2020,28540,28336,25137,24463,25515,28181,29736,28642,24753,19788,15861,12711,9714,5971,2726,1242,658,228,52,6,0,312260
YEM,Yemen,2020,2099843,1998266,1808305,1627521,1482136,1419189,1173529,908535,694883,509275,363681,299483,243806,173950,118244,63895,28427,9383,2262,345,27,15024985
ZMB,Zambia,2020,1489489,1370881,1222790,1062327,866795,703692,581647,484587,397443,297666,210398,154799,107083,70382,45200,24257,10375,2805,370,19,1,9103006
ZWE,Zimbabwe,2020,1054557,1109514,962699,816706,672142,503568,430306,388501,339915,239524,179077,135632,99465,71649,42336,29113,13034,3697,540,33,2,7092010
